Angle,Area,Density,Velocity,Force,Cd,,,,,,,,,,,,,,,,,,,,,,,
90,0.024153313,0.6,30,3.2498886,0.498342585,,,,,,,,,,,,,,,,,,,,,,,
90,0.024153313,0.6,60,12.585751,0.482479283,,,,,,,,,,,,,,,,,,,,,,,
90,0.024153313,0.6,90,27.90082,0.475372423,,,,,,,,,,,,,,,,,,,,,,,
90,0.024153313,0.6,120,49.168184,0.471219997,,,,,,,,,,,,,,,,,,,,,,,
90,0.024153313,0.6,150,76.404487,0.468638951,,,,,,,,,,,,,,,,,,,,,,,
90,0.024153313,0.6,180,109.44309,0.466171128,,,,,,,,,,,,,,,,,,,,,,,
90,0.024153313,0.6,210,148.19891,0.463776198,,,,,,,,,,,,,,,,,,,,,,,
90,0.024153313,0.6,240,192.89087,0.462158797,,,,,,,,,,,,,,,,,,,,,,,
90,0.024153313,0.6,270,243.37505,0.460734317,,,,,,,,,,,,,,,,,,,,,,,
90,0.024153313,0.6,300,299.657,0.459498347,,,,,,,,,,,,,,,,,,,,,,,
90,0.024153313,0.7,30,4.0612627,0.533794162,,,,,,,,,,,,,,,,,,,,,,,
90,0.024153313,0.7,60,15.65627,0.514447484,,,,,,,,,,,,,,,,,,,,,,,
90,0.024153313,0.7,90,34.767079,0.507736555,,,,,,,,,,,,,,,,,,,,,,,
90,0.024153313,0.7,120,61.190178,0.502660166,,,,,,,,,,,,,,,,,,,,,,,
90,0.024153313,0.7,150,94.807452,0.498442658,,,,,,,,,,,,,,,,,,,,,,,
90,0.024153313,0.7,180,127.1405,0.464188259,,,,,,,,,,,,,,,,,,,,,,,
90,0.024153313,0.7,210,172.34661,0.462295219,,,,,,,,,,,,,,,,,,,,,,,
90,0.024153313,0.7,240,224.13587,0.460303342,,,,,,,,,,,,,,,,,,,,,,,
90,0.024153313,0.7,270,282.83622,0.458947219,,,,,,,,,,,,,,,,,,,,,,,
90,0.024153313,0.7,300,348.28732,0.457773239,,,,,,,,,,,,,,,,,,,,,,,
90,0.024153313,0.8,30,4.2696136,0.491031511,,,,,,,,,,,,,,,,,,,,,,,
90,0.024153313,0.8,60,16.604522,0.477405234,,,,,,,,,,,,,,,,,,,,,,,
90,0.024153313,0.8,90,36.876328,0.471222425,,,,,,,,,,,,,,,,,,,,,,,
90,0.024153313,0.8,120,65.078797,0.467778572,,,,,,,,,,,,,,,,,,,,,,,
90,0.024153313,0.8,150,100.86073,0.463983876,,,,,,,,,,,,,,,,,,,,,,,
90,0.024153313,0.8,180,144.79065,0.462550129,,,,,,,,,,,,,,,,,,,,,,,
90,0.024153313,0.8,210,196.11841,0.460302224,,,,,,,,,,,,,,,,,,,,,,,
90,0.024153313,0.8,240,255.29974,0.458765962,,,,,,,,,,,,,,,,,,,,,,,
90,0.024153313,0.8,270,322.20623,0.457477463,,,,,,,,,,,,,,,,,,,,,,,
90,0.024153313,0.8,300,396.87662,0.456432232,,,,,,,,,,,,,,,,,,,,,,,
90,0.024153313,0.9,30,4.7765915,0.4882996,,,,,,,,,,,,,,,,,,,,,,,
90,0.024153313,0.9,60,18.599233,0.47533885,,,,,,,,,,,,,,,,,,,,,,,
90,0.024153313,0.9,90,41.361931,0.469814659,,,,,,,,,,,,,,,,,,,,,,,
90,0.024153313,0.9,120,72.961469,0.466167352,,,,,,,,,,,,,,,,,,,,,,,
90,0.024153313,0.9,150,113.20763,0.462917882,,,,,,,,,,,,,,,,,,,,,,,
90,0.024153313,0.9,180,162.38272,0.461111102,,,,,,,,,,,,,,,,,,,,,,,
90,0.024153313,0.9,210,220.15455,0.459303604,,,,,,,,,,,,,,,,,,,,,,,
90,0.024153313,0.9,240,286.40594,0.457478106,,,,,,,,,,,,,,,,,,,,,,,
90,0.024153313,0.9,270,361.82755,0.456651491,,,,,,,,,,,,,,,,,,,,,,,
90,0.024153313,0.9,300,445.76198,0.455691881,,,,,,,,,,,,,,,,,,,,,,,
90,0.024153313,1,30,5.2814033,0.48591478,,,,,,,,,,,,,,,,,,,,,,,
90,0.024153313,1,60,20.606322,0.473970451,,,,,,,,,,,,,,,,,,,,,,,
90,0.024153313,1,90,45.842413,0.468636096,,,,,,,,,,,,,,,,,,,,,,,
90,0.024153313,1,120,80.830134,0.464797831,,,,,,,,,,,,,,,,,,,,,,,
90,0.024153313,1,150,125.55078,0.462051286,,,,,,,,,,,,,,,,,,,,,,,
90,0.024153313,1,180,179.93674,0.459862636,,,,,,,,,,,,,,,,,,,,,,,
90,0.024153313,1,210,243.99555,0.458138303,,,,,,,,,,,,,,,,,,,,,,,
90,0.024153313,1,240,317.73795,0.45677244,,,,,,,,,,,,,,,,,,,,,,,
90,0.024153313,1,270,401.18545,0.455691504,,,,,,,,,,,,,,,,,,,,,,,
90,0.024153313,1,300,494.01568,0.454518443,,,,,,,,,,,,,,,,,,,,,,,
90,0.024153313,1.1,30,5.7868957,0.48402049,,,,,,,,,,,,,,,,,,,,,,,
90,0.024153313,1.1,60,22.598921,0.472547864,,,,,,,,,,,,,,,,,,,,,,,
90,0.024153313,1.1,90,50.287984,0.467347375,,,,,,,,,,,,,,,,,,,,,,,
90,0.024153313,1.1,120,88.683463,0.463597145,,,,,,,,,,,,,,,,,,,,,,,
90,0.024153313,1.1,150,137.75871,0.460889857,,,,,,,,,,,,,,,,,,,,,,,
90,0.024153313,1.1,180,197.30796,0.458416454,,,,,,,,,,,,,,,,,,,,,,,
90,0.024153313,1.1,210,267.61061,0.456799205,,,,,,,,,,,,,,,,,,,,,,,
90,0.024153313,1.1,240,348.83517,0.455888233,,,,,,,,,,,,,,,,,,,,,,,
90,0.024153313,1.1,270,440.24014,0.454592965,,,,,,,,,,,,,,,,,,,,,,,
90,0.024153313,1.1,300,542.61226,0.453845145,,,,,,,,,,,,,,,,,,,,,,,
90,0.024153313,1.2,30,6.292301,0.482435236,,,,,,,,,,,,,,,,,,,,,,,
90,0.024153313,1.2,60,24.58419,0.471221875,,,,,,,,,,,,,,,,,,,,,,,
90,0.024153313,1.2,90,54.721331,0.466169305,,,,,,,,,,,,,,,,,,,,,,,
90,0.024153313,1.2,120,96.526291,0.462546253,,,,,,,,,,,,,,,,,,,,,,,
90,0.024153313,1.2,150,149.94696,0.459861644,,,,,,,,,,,,,,,,,,,,,,,
90,0.024153313,1.2,180,214.97354,0.457838213,,,,,,,,,,,,,,,,,,,,,,,
90,0.024153313,1.2,210,291.4126,0.455975782,,,,,,,,,,,,,,,,,,,,,,,
90,0.024153313,1.2,240,379.66495,0.454831005,,,,,,,,,,,,,,,,,,,,,,,
90,0.024153313,1.2,270,479.93774,0.454286064,,,,,,,,,,,,,,,,,,,,,,,
90,0.024153313,1.2,300,591.64405,0.453617742,,,,,,,,,,,,,,,,,,,,,,,
80,0.023990468,0.6,30,3.1961845,0.493434324,,,,,,,,,,,,,,,,,,,,,,,
80,0.023990468,0.6,60,12.37261,0.477528007,,,,,,,,,,,,,,,,,,,,,,,
80,0.023990468,0.6,90,27.415174,0.470268634,,,,,,,,,,,,,,,,,,,,,,,
80,0.023990468,0.6,120,48.270357,0.465755555,,,,,,,,,,,,,,,,,,,,,,,
80,0.023990468,0.6,150,74.965412,0.462933318,,,,,,,,,,,,,,,,,,,,,,,
80,0.023990468,0.6,180,107.41062,0.460619414,,,,,,,,,,,,,,,,,,,,,,,
80,0.023990468,0.6,210,145.66972,0.45895565,,,,,,,,,,,,,,,,,,,,,,,
80,0.023990468,0.6,240,189.7744,0.457778265,,,,,,,,,,,,,,,,,,,,,,,
80,0.023990468,0.6,270,239.64214,0.456746982,,,,,,,,,,,,,,,,,,,,,,,
80,0.023990468,0.6,300,295.04053,0.455490365,,,,,,,,,,,,,,,,,,,,,,,
80,0.023990468,0.7,30,3.6999151,0.489601213,,,,,,,,,,,,,,,,,,,,,,,
80,0.023990468,0.7,60,14.348133,0.474663818,,,,,,,,,,,,,,,,,,,,,,,
80,0.023990468,0.7,90,31.829178,0.467986839,,,,,,,,,,,,,,,,,,,,,,,
80,0.023990468,0.7,120,56.117435,0.464118153,,,,,,,,,,,,,,,,,,,,,,,
80,0.023990468,0.7,150,87.070463,0.460873324,,,,,,,,,,,,,,,,,,,,,,,
80,0.023990468,0.7,180,124.80068,0.458738486,,,,,,,,,,,,,,,,,,,,,,,
80,0.023990468,0.7,210,169.40483,0.457488767,,,,,,,,,,,,,,,,,,,,,,,
80,0.023990468,0.7,240,220.69891,0.456321509,,,,,,,,,,,,,,,,,,,,,,,
80,0.023990468,0.7,270,278.46924,0.454928282,,,,,,,,,,,,,,,,,,,,,,,
80,0.023990468,0.7,300,342.88366,0.453730021,,,,,,,,,,,,,,,,,,,,,,,
80,0.023990468,0.8,30,4.2039622,0.486763025,,,,,,,,,,,,,,,,,,,,,,,
80,0.023990468,0.8,60,16.282022,0.471310511,,,,,,,,,,,,,,,,,,,,,,,
80,0.023990468,0.8,90,36.200473,0.465726033,,,,,,,,,,,,,,,,,,,,,,,
80,0.023990468,0.8,120,63.901614,0.462434922,,,,,,,,,,,,,,,,,,,,,,,
80,0.023990468,0.8,150,99.14872,0.459204232,,,,,,,,,,,,,,,,,,,,,,,
80,0.023990468,0.8,180,142.25579,0.45753701,,,,,,,,,,,,,,,,,,,,,,,
80,0.023990468,0.8,210,193.11097,0.456320148,,,,,,,,,,,,,,,,,,,,,,,
80,0.023990468,0.8,240,251.35667,0.454746347,,,,,,,,,,,,,,,,,,,,,,,
80,0.023990468,0.8,270,317.19921,0.453425413,,,,,,,,,,,,,,,,,,,,,,,
80,0.023990468,0.8,300,390.66712,0.452340673,,,,,,,,,,,,,,,,,,,,,,,
80,0.023990468,0.9,30,4.7051167,0.484257835,,,,,,,,,,,,,,,,,,,,,,,
80,0.023990468,0.9,60,18.243448,0.46941092,,,,,,,,,,,,,,,,,,,,,,,
80,0.023990468,0.9,90,40.59193,0.464198196,,,,,,,,,,,,,,,,,,,,,,,
80,0.023990468,0.9,120,71.65553,0.460931073,,,,,,,,,,,,,,,,,,,,,,,
80,0.023990468,0.9,150,111.2683,0.458076171,,,,,,,,,,,,,,,,,,,,,,,
80,0.023990468,0.9,180,159.76471,0.456756368,,,,,,,,,,,,,,,,,,,,,,,
80,0.023990468,0.9,210,216.58636,0.454926545,,,,,,,,,,,,,,,,,,,,,,,
80,0.023990468,0.9,240,281.96066,0.453434751,,,,,,,,,,,,,,,,,,,,,,,
80,0.023990468,0.9,270,355.8879,0.452204063,,,,,,,,,,,,,,,,,,,,,,,
80,0.023990468,0.9,300,438.40469,0.451212838,,,,,,,,,,,,,,,,,,,,,,,
80,0.023990468,1,30,5.2031116,0.481961011,,,,,,,,,,,,,,,,,,,,,,,
80,0.023990468,1,60,21.793814,0.50468688,,,,,,,,,,,,,,,,,,,,,,,
80,0.023990468,1,90,44.967902,0.462816552,,,,,,,,,,,,,,,,,,,,,,,
80,0.023990468,1,120,79.414784,0.459758897,,,,,,,,,,,,,,,,,,,,,,,
80,0.023990468,1,150,123.41711,0.457282025,,,,,,,,,,,,,,,,,,,,,,,
80,0.023990468,1,180,177.02474,0.455491451,,,,,,,,,,,,,,,,,,,,,,,
80,0.023990468,1,210,240.02039,0.453733477,,,,,,,,,,,,,,,,,,,,,,,
80,0.023990468,1,240,312.53534,0.452343053,,,,,,,,,,,,,,,,,,,,,,,
80,0.023990468,1,270,394.56376,0.451212311,,,,,,,,,,,,,,,,,,,,,,,
80,0.023990468,1,300,486.17386,0.450339841,,,,,,,,,,,,,,,,,,,,,,,
80,0.023990468,1.1,30,5.701199,0.480089581,,,,,,,,,,,,,,,,,,,,,,,
80,0.023990468,1.1,60,22.166683,0.466655942,,,,,,,,,,,,,,,,,,,,,,,
80,0.023990468,1.1,90,49.34393,0.46168664,,,,,,,,,,,,,,,,,,,,,,,
80,0.023990468,1.1,120,87.152239,0.458685115,,,,,,,,,,,,,,,,,,,,,,,
80,0.023990468,1.1,150,135.53869,0.456540548,,,,,,,,,,,,,,,,,,,,,,,
80,0.023990468,1.1,180,194.25645,0.454390275,,,,,,,,,,,,,,,,,,,,,,,
80,0.023990468,1.1,210,263.43368,0.452721687,,,,,,,,,,,,,,,,,,,,,,,
80,0.023990468,1.1,240,343.08311,0.451414438,,,,,,,,,,,,,,,,,,,,,,,
80,0.023990468,1.1,270,433.25072,0.450412418,,,,,,,,,,,,,,,,,,,,,,,
80,0.023990468,1.1,300,533.95499,0.449635643,,,,,,,,,,,,,,,,,,,,,,,
80,0.023990468,1.2,30,6.2016111,0.478709502,,,,,,,,,,,,,,,,,,,,,,,
80,0.023990468,1.2,60,24.130006,0.465655738,,,,,,,,,,,,,,,,,,,,,,,
80,0.023990468,1.2,90,53.736404,0.460886101,,,,,,,,,,,,,,,,,,,,,,,
80,0.023990468,1.2,120,94.899362,0.45783694,,,,,,,,,,,,,,,,,,,,,,,
80,0.023990468,1.2,150,147.52098,0.455492573,,,,,,,,,,,,,,,,,,,,,,,
80,0.023990468,1.2,180,211.46738,0.453428072,,,,,,,,,,,,,,,,,,,,,,,
80,0.023990468,1.2,210,286.82884,0.451849969,,,,,,,,,,,,,,,,,,,,,,,
80,0.023990468,1.2,240,373.6469,0.450659914,,,,,,,,,,,,,,,,,,,,,,,
80,0.023990468,1.2,270,471.96132,0.449768368,,,,,,,,,,,,,,,,,,,,,,,
80,0.023990468,1.2,300,581.76142,0.44906834,,,,,,,,,,,,,,,,,,,,,,,
70,0.023740844,0.6,30,3.0842487,0.481159951,,,,,,,,,,,,,,,,,,,,,,,
70,0.023740844,0.6,60,12.000122,0.468021443,,,,,,,,,,,,,,,,,,,,,,,
70,0.023740844,0.6,90,26.792577,0.464421225,,,,,,,,,,,,,,,,,,,,,,,
70,0.023740844,0.6,120,47.247306,0.460677657,,,,,,,,,,,,,,,,,,,,,,,
70,0.023740844,0.6,150,73.178307,0.456648916,,,,,,,,,,,,,,,,,,,,,,,
70,0.023740844,0.6,180,104.86971,0.454451612,,,,,,,,,,,,,,,,,,,,,,,
70,0.023740844,0.6,210,142.39026,0.453340255,,,,,,,,,,,,,,,,,,,,,,,
70,0.023740844,0.6,240,185.41411,0.451963006,,,,,,,,,,,,,,,,,,,,,,,
70,0.023740844,0.6,270,234.1815,0.451032302,,,,,,,,,,,,,,,,,,,,,,,
70,0.023740844,0.6,300,288.36784,0.449869869,,,,,,,,,,,,,,,,,,,,,,,
70,0.023740844,0.7,30,3.5600269,0.476043425,,,,,,,,,,,,,,,,,,,,,,,
70,0.023740844,0.7,60,13.946499,0.466228159,,,,,,,,,,,,,,,,,,,,,,,
70,0.023740844,0.7,90,31.140064,0.462668874,,,,,,,,,,,,,,,,,,,,,,,
70,0.023740844,0.7,120,54.854754,0.458445359,,,,,,,,,,,,,,,,,,,,,,,
70,0.023740844,0.7,150,85.051527,0.454920386,,,,,,,,,,,,,,,,,,,,,,,
70,0.023740844,0.7,180,121.99458,0.45313888,,,,,,,,,,,,,,,,,,,,,,,
70,0.023740844,0.7,210,165.56424,0.451818232,,,,,,,,,,,,,,,,,,,,,,,
70,0.023740844,0.7,240,215.67631,0.450625499,,,,,,,,,,,,,,,,,,,,,,,
70,0.023740844,0.7,270,272.18458,0.449336596,,,,,,,,,,,,,,,,,,,,,,,
70,0.023740844,0.7,300,335.1874,0.448209417,,,,,,,,,,,,,,,,,,,,,,,
70,0.023740844,0.8,30,4.0424966,0.472988965,,,,,,,,,,,,,,,,,,,,,,,
70,0.023740844,0.8,60,15.706629,0.459435277,,,,,,,,,,,,,,,,,,,,,,,
70,0.023740844,0.8,90,34.96472,0.454557565,,,,,,,,,,,,,,,,,,,,,,,
70,0.023740844,0.8,120,61.628707,0.450675987,,,,,,,,,,,,,,,,,,,,,,,
70,0.023740844,0.8,150,96.93007,0.453648901,,,,,,,,,,,,,,,,,,,,,,,
70,0.023740844,0.8,180,139.13519,0.452205489,,,,,,,,,,,,,,,,,,,,,,,
70,0.023740844,0.8,210,186.13243,0.444454505,,,,,,,,,,,,,,,,,,,,,,,
70,0.023740844,0.8,240,245.68761,0.449163675,,,,,,,,,,,,,,,,,,,,,,,
70,0.023740844,0.8,270,310.08471,0.447916105,,,,,,,,,,,,,,,,,,,,,,,
70,0.023740844,0.8,300,381.94139,0.446887358,,,,,,,,,,,,,,,,,,,,,,,
70,0.023740844,0.9,30,4.526501,0.470772887,,,,,,,,,,,,,,,,,,,,,,,
70,0.023740844,0.9,60,17.479807,0.454491185,,,,,,,,,,,,,,,,,,,,,,,
70,0.023740844,0.9,90,39.171965,0.452669956,,,,,,,,,,,,,,,,,,,,,,,
70,0.023740844,0.9,120,69.104292,0.449193912,,,,,,,,,,,,,,,,,,,,,,,
70,0.023740844,0.9,150,108.76142,0.452463638,,,,,,,,,,,,,,,,,,,,,,,
70,0.023740844,0.9,180,156.08958,0.45094153,,,,,,,,,,,,,,,,,,,,,,,
70,0.023740844,0.9,210,211.6998,0.449338044,,,,,,,,,,,,,,,,,,,,,,,
70,0.023740844,0.9,240,275.62946,0.447913841,,,,,,,,,,,,,,,,,,,,,,,
70,0.023740844,0.9,270,347.95568,0.446773838,,,,,,,,,,,,,,,,,,,,,,,
70,0.023740844,0.9,300,428.68791,0.445851321,,,,,,,,,,,,,,,,,,,,,,,
70,0.023740844,1,30,5.0525272,0.472933406,,,,,,,,,,,,,,,,,,,,,,,
70,0.023740844,1,60,19.204046,0.449390698,,,,,,,,,,,,,,,,,,,,,,,
70,0.023740844,1,90,44.008824,0.457708087,,,,,,,,,,,,,,,,,,,,,,,
70,0.023740844,1,120,77.577151,0.453842513,,,,,,,,,,,,,,,,,,,,,,,
70,0.023740844,1,150,120.59769,0.451533849,,,,,,,,,,,,,,,,,,,,,,,
70,0.023740844,1,180,173.01819,0.449863332,,,,,,,,,,,,,,,,,,,,,,,
70,0.023740844,1,210,234.63022,0.448207583,,,,,,,,,,,,,,,,,,,,,,,
70,0.023740844,1,240,321.91053,0.470810935,,,,,,,,,,,,,,,,,,,,,,,
70,0.023740844,1,270,385.78734,0.445814598,,,,,,,,,,,,,,,,,,,,,,,
70,0.023740844,1,300,500.14266,0.46815022,,,,,,,,,,,,,,,,,,,,,,,
70,0.023740844,1.1,30,5.5431131,0.471685349,,,,,,,,,,,,,,,,,,,,,,,
70,0.023740844,1.1,60,23.180432,0.493128588,,,,,,,,,,,,,,,,,,,,,,,
70,0.023740844,1.1,90,48.243695,0.456138469,,,,,,,,,,,,,,,,,,,,,,,
70,0.023740844,1.1,120,90.236694,0.479912255,,,,,,,,,,,,,,,,,,,,,,,
70,0.023740844,1.1,150,132.44752,0.450819267,,,,,,,,,,,,,,,,,,,,,,,
70,0.023740844,1.1,180,200.11823,0.473023589,,,,,,,,,,,,,,,,,,,,,,,
70,0.023740844,1.1,210,271.27251,0.471094846,,,,,,,,,,,,,,,,,,,,,,,
70,0.023740844,1.1,240,353.47869,0.469982741,,,,,,,,,,,,,,,,,,,,,,,
70,0.023740844,1.1,270,446.44295,0.469007294,,,,,,,,,,,,,,,,,,,,,,,
70,0.023740844,1.1,300,549.33128,0.467447645,,,,,,,,,,,,,,,,,,,,,,,
70,0.023740844,1.2,30,6.2924526,0.490828801,,,,,,,,,,,,,,,,,,,,,,,
70,0.023740844,1.2,60,25.181979,0.491066097,,,,,,,,,,,,,,,,,,,,,,,
70,0.023740844,1.2,90,55.840084,0.483964648,,,,,,,,,,,,,,,,,,,,,,,
70,0.023740844,1.2,120,98.077956,0.478147082,,,,,,,,,,,,,,,,,,,,,,,
70,0.023740844,1.2,150,149.94664,0.467850196,,,,,,,,,,,,,,,,,,,,,,,
70,0.023740844,1.2,180,206.71829,0.447905596,,,,,,,,,,,,,,,,,,,,,,,
70,0.023740844,1.2,210,280.4458,0.446439842,,,,,,,,,,,,,,,,,,,,,,,
70,0.023740844,1.2,240,365.36491,0.445304359,,,,,,,,,,,,,,,,,,,,,,,
70,0.023740844,1.2,270,461.52958,0.444451737,,,,,,,,,,,,,,,,,,,,,,,
70,0.023740844,1.2,300,568.83246,0.443705137,,,,,,,,,,,,,,,,,,,,,,,
60,0.023398059,0.6,30,3.0640568,0.485012817,,,,,,,,,,,,,,,,,,,,,,,
60,0.023398059,0.6,60,11.913085,0.471433731,,,,,,,,,,,,,,,,,,,,,,,
60,0.023398059,0.6,90,26.701983,0.469631706,,,,,,,,,,,,,,,,,,,,,,,
60,0.023398059,0.6,120,46.747247,0.462479473,,,,,,,,,,,,,,,,,,,,,,,
60,0.023398059,0.6,150,72.908366,0.461629719,,,,,,,,,,,,,,,,,,,,,,,
60,0.023398059,0.6,180,103.92854,0.456971094,,,,,,,,,,,,,,,,,,,,,,,
60,0.023398059,0.6,210,138.81319,0.448426282,,,,,,,,,,,,,,,,,,,,,,,
60,0.023398059,0.6,240,180.52927,0.446502666,,,,,,,,,,,,,,,,,,,,,,,
60,0.023398059,0.6,270,226.47239,0.442574766,,,,,,,,,,,,,,,,,,,,,,,
60,0.023398059,0.6,300,277.94545,0.439962816,,,,,,,,,,,,,,,,,,,,,,,
60,0.023398059,0.7,30,3.546606,0.48119661,,,,,,,,,,,,,,,,,,,,,,,
60,0.023398059,0.7,60,14.023958,0.475685842,,,,,,,,,,,,,,,,,,,,,,,
60,0.023398059,0.7,90,30.762931,0.463761633,,,,,,,,,,,,,,,,,,,,,,,
60,0.023398059,0.7,120,54.515595,0.462285624,,,,,,,,,,,,,,,,,,,,,,,
60,0.023398059,0.7,150,84.409296,0.45809957,,,,,,,,,,,,,,,,,,,,,,,
60,0.023398059,0.7,180,119.92419,0.451974473,,,,,,,,,,,,,,,,,,,,,,,
60,0.023398059,0.7,210,160.43125,0.444224494,,,,,,,,,,,,,,,,,,,,,,,
60,0.023398059,0.7,240,207.92673,0.440798354,,,,,,,,,,,,,,,,,,,,,,,
60,0.023398059,0.7,270,262.85752,0.440296265,,,,,,,,,,,,,,,,,,,,,,,
60,0.023398059,0.7,300,323.86871,0.439418772,,,,,,,,,,,,,,,,,,,,,,,
60,0.023398059,0.8,30,4.0045946,0.475418661,,,,,,,,,,,,,,,,,,,,,,,
60,0.023398059,0.8,60,15.954507,0.473522985,,,,,,,,,,,,,,,,,,,,,,,
60,0.023398059,0.8,90,34.915068,0.460561945,,,,,,,,,,,,,,,,,,,,,,,
60,0.023398059,0.8,120,61.955836,0.459705719,,,,,,,,,,,,,,,,,,,,,,,
60,0.023398059,0.8,150,95.481962,0.453418247,,,,,,,,,,,,,,,,,,,,,,,
60,0.023398059,0.8,180,136.03675,0.448612546,,,,,,,,,,,,,,,,,,,,,,,
60,0.023398059,0.8,210,182.92497,0.443194722,,,,,,,,,,,,,,,,,,,,,,,
60,0.023398059,0.8,240,237.73867,0.440998916,,,,,,,,,,,,,,,,,,,,,,,
60,0.023398059,0.8,270,300.04299,0.439760414,,,,,,,,,,,,,,,,,,,,,,,
60,0.023398059,0.8,300,369.962,0.439212595,,,,,,,,,,,,,,,,,,,,,,,
60,0.023398059,0.9,30,4.5488036,0.480023314,,,,,,,,,,,,,,,,,,,,,,,
60,0.023398059,0.9,60,17.927582,0.472962678,,,,,,,,,,,,,,,,,,,,,,,
60,0.023398059,0.9,90,39.030266,0.457640179,,,,,,,,,,,,,,,,,,,,,,,
60,0.023398059,0.9,120,69.594194,0.459005798,,,,,,,,,,,,,,,,,,,,,,,
60,0.023398059,0.9,150,106.83195,0.45094782,,,,,,,,,,,,,,,,,,,,,,,
60,0.023398059,0.9,180,151.35566,0.443671274,,,,,,,,,,,,,,,,,,,,,,,
60,0.023398059,0.9,210,204.41388,0.440229809,,,,,,,,,,,,,,,,,,,,,,,
60,0.023398059,0.9,240,266.40586,0.439267371,,,,,,,,,,,,,,,,,,,,,,,
60,0.023398059,0.9,270,336.24247,0.438059087,,,,,,,,,,,,,,,,,,,,,,,
60,0.023398059,0.9,300,414.13276,0.437023441,,,,,,,,,,,,,,,,,,,,,,,
60,0.023398059,1,30,5.0299531,0.477717983,,,,,,,,,,,,,,,,,,,,,,,
60,0.023398059,1,60,19.586309,0.46505066,,,,,,,,,,,,,,,,,,,,,,,
60,0.023398059,1,90,43.293578,0.456865774,,,,,,,,,,,,,,,,,,,,,,,
60,0.023398059,1,120,77.080567,0.457543692,,,,,,,,,,,,,,,,,,,,,,,
60,0.023398059,1,150,117.7196,0.447215064,,,,,,,,,,,,,,,,,,,,,,,
60,0.023398059,1,180,167.25106,0.441239143,,,,,,,,,,,,,,,,,,,,,,,
60,0.023398059,1,210,226.64105,0.439288817,,,,,,,,,,,,,,,,,,,,,,,
60,0.023398059,1,240,295.31794,0.438245546,,,,,,,,,,,,,,,,,,,,,,,
60,0.023398059,1,270,374.12175,0.438667634,,,,,,,,,,,,,,,,,,,,,,,
60,0.023398059,1,300,457.50941,0.434517914,,,,,,,,,,,,,,,,,,,,,,,
60,0.023398059,1.1,30,5.4980061,0.474701044,,,,,,,,,,,,,,,,,,,,,,,
60,0.023398059,1.1,60,21.410915,0.462157713,,,,,,,,,,,,,,,,,,,,,,,
60,0.023398059,1.1,90,47.624784,0.456883505,,,,,,,,,,,,,,,,,,,,,,,
60,0.023398059,1.1,120,84.502357,0.455998915,,,,,,,,,,,,,,,,,,,,,,,
60,0.023398059,1.1,150,129.37695,0.446819244,,,,,,,,,,,,,,,,,,,,,,,
60,0.023398059,1.1,180,183.45344,0.439985464,,,,,,,,,,,,,,,,,,,,,,,
60,0.023398059,1.1,210,249.32867,0.439330252,,,,,,,,,,,,,,,,,,,,,,,
60,0.023398059,1.1,240,324.94467,0.438373621,,,,,,,,,,,,,,,,,,,,,,,
60,0.023398059,1.1,270,408.7811,0.435733307,,,,,,,,,,,,,,,,,,,,,,,
60,0.023398059,1.1,300,502.44114,0.433810602,,,,,,,,,,,,,,,,,,,,,,,
60,0.023398059,1.2,30,6.0012468,0.474971877,,,,,,,,,,,,,,,,,,,,,,,
60,0.023398059,1.2,60,23.275924,0.460546353,,,,,,,,,,,,,,,,,,,,,,,
60,0.023398059,1.2,90,51.528611,0.453139932,,,,,,,,,,,,,,,,,,,,,,,
60,0.023398059,1.2,120,91.116221,0.450715118,,,,,,,,,,,,,,,,,,,,,,,
60,0.023398059,1.2,150,140.14379,0.443670199,,,,,,,,,,,,,,,,,,,,,,,
60,0.023398059,1.2,180,199.86133,0.439392542,,,,,,,,,,,,,,,,,,,,,,,
60,0.023398059,1.2,210,270.92111,0.43759583,,,,,,,,,,,,,,,,,,,,,,,
60,0.023398059,1.2,240,351.65037,0.434868062,,,,,,,,,,,,,,,,,,,,,,,
60,0.023398059,1.2,270,444.1117,0.433943916,,,,,,,,,,,,,,,,,,,,,,,
60,0.023398059,1.2,300,547.19408,0.433079671,,,,,,,,,,,,,,,,,,,,,,,
50,0.022953714,0.6,30,2.9802694,0.480882301,,,,,,,,,,,,,,,,,,,,,,,
50,0.022953714,0.6,60,11.295979,0.455666556,,,,,,,,,,,,,,,,,,,,,,,
50,0.022953714,0.6,90,25.085031,0.449733669,,,,,,,,,,,,,,,,,,,,,,,
50,0.022953714,0.6,120,44.525358,0.449025192,,,,,,,,,,,,,,,,,,,,,,,
50,0.022953714,0.6,150,69.371421,0.447737894,,,,,,,,,,,,,,,,,,,,,,,
50,0.022953714,0.6,180,99.534308,0.446121928,,,,,,,,,,,,,,,,,,,,,,,
50,0.022953714,0.6,210,135.00578,0.444569385,,,,,,,,,,,,,,,,,,,,,,,
50,0.022953714,0.6,240,175.62131,0.442772366,,,,,,,,,,,,,,,,,,,,,,,
50,0.022953714,0.6,270,221.51741,0.441271741,,,,,,,,,,,,,,,,,,,,,,,
50,0.022953714,0.6,300,272.22983,0.439257294,,,,,,,,,,,,,,,,,,,,,,,
50,0.022953714,0.7,30,3.4285544,0.474184687,,,,,,,,,,,,,,,,,,,,,,,
50,0.022953714,0.7,60,13.070266,0.451919327,,,,,,,,,,,,,,,,,,,,,,,
50,0.022953714,0.7,90,29.221943,0.449058643,,,,,,,,,,,,,,,,,,,,,,,
50,0.022953714,0.7,120,51.870816,0.448373129,,,,,,,,,,,,,,,,,,,,,,,
50,0.022953714,0.7,150,80.450884,0.445068945,,,,,,,,,,,,,,,,,,,,,,,
50,0.022953714,0.7,180,115.67956,0.444416943,,,,,,,,,,,,,,,,,,,,,,,
50,0.022953714,0.7,210,156.99612,0.443128129,,,,,,,,,,,,,,,,,,,,,,,
50,0.022953714,0.7,240,204.36229,0.441628677,,,,,,,,,,,,,,,,,,,,,,,
50,0.022953714,0.7,270,256.88464,0.438621179,,,,,,,,,,,,,,,,,,,,,,,
50,0.022953714,0.7,300,316.12944,0.437221412,,,,,,,,,,,,,,,,,,,,,,,
50,0.022953714,0.8,30,3.8675469,0.46803693,,,,,,,,,,,,,,,,,,,,,,,
50,0.022953714,0.8,60,14.82797,0.448607201,,,,,,,,,,,,,,,,,,,,,,,
50,0.022953714,0.8,90,33.375674,0.448778527,,,,,,,,,,,,,,,,,,,,,,,
50,0.022953714,0.8,120,59.171558,0.447545871,,,,,,,,,,,,,,,,,,,,,,,
50,0.022953714,0.8,150,91.291907,0.441913026,,,,,,,,,,,,,,,,,,,,,,,
50,0.022953714,0.8,180,131.77736,0.442978691,,,,,,,,,,,,,,,,,,,,,,,
50,0.022953714,0.8,210,178.72205,0.441394168,,,,,,,,,,,,,,,,,,,,,,,
50,0.022953714,0.8,240,232.60311,0.439825167,,,,,,,,,,,,,,,,,,,,,,,
50,0.022953714,0.8,270,292.53795,0.437060671,,,,,,,,,,,,,,,,,,,,,,,
50,0.022953714,0.8,300,359.85261,0.435480979,,,,,,,,,,,,,,,,,,,,,,,
50,0.022953714,0.9,30,4.3171641,0.464398243,,,,,,,,,,,,,,,,,,,,,,,
50,0.022953714,0.9,60,16.594881,0.446278703,,,,,,,,,,,,,,,,,,,,,,,
50,0.022953714,0.9,90,37.583059,0.449201944,,,,,,,,,,,,,,,,,,,,,,,
50,0.022953714,0.9,120,66.379631,0.446279422,,,,,,,,,,,,,,,,,,,,,,,
50,0.022953714,0.9,150,102.81617,0.442398274,,,,,,,,,,,,,,,,,,,,,,,
50,0.022953714,0.9,180,147.75573,0.441503186,,,,,,,,,,,,,,,,,,,,,,,
50,0.022953714,0.9,210,200.11985,0.439325184,,,,,,,,,,,,,,,,,,,,,,,
50,0.022953714,0.9,240,260.38326,0.43764815,,,,,,,,,,,,,,,,,,,,,,,
50,0.022953714,0.9,270,327.97745,0.435562996,,,,,,,,,,,,,,,,,,,,,,,
50,0.022953714,0.9,300,404.04089,0.434627628,,,,,,,,,,,,,,,,,,,,,,,
50,0.022953714,1,30,4.7700116,0.461800028,,,,,,,,,,,,,,,,,,,,,,,
50,0.022953714,1,60,18.374081,0.444713338,,,,,,,,,,,,,,,,,,,,,,,
50,0.022953714,1,90,41.686917,0.448427036,,,,,,,,,,,,,,,,,,,,,,,
50,0.022953714,1,120,73.515861,0.444831553,,,,,,,,,,,,,,,,,,,,,,,
50,0.022953714,1,150,114.05881,0.441695879,,,,,,,,,,,,,,,,,,,,,,,
50,0.022953714,1,180,163.77516,0.440433203,,,,,,,,,,,,,,,,,,,,,,,
50,0.022953714,1,210,222.13969,0.43889901,,,,,,,,,,,,,,,,,,,,,,,
50,0.022953714,1,240,288.59753,0.436563232,,,,,,,,,,,,,,,,,,,,,,,
50,0.022953714,1,270,363.31042,0.43423753,,,,,,,,,,,,,,,,,,,,,,,
50,0.022953714,1,300,447.23115,0.432978733,,,,,,,,,,,,,,,,,,,,,,,
50,0.022953714,1.1,30,5.1912205,0.456889641,,,,,,,,,,,,,,,,,,,,,,,
50,0.022953714,1.1,60,20.197099,0.444396713,,,,,,,,,,,,,,,,,,,,,,,
50,0.022953714,1.1,90,45.725518,0.447154864,,,,,,,,,,,,,,,,,,,,,,,
50,0.022953714,1.1,120,80.632544,0.44353941,,,,,,,,,,,,,,,,,,,,,,,
50,0.022953714,1.1,150,125.16649,0.440646069,,,,,,,,,,,,,,,,,,,,,,,
50,0.022953714,1.1,180,179.666,0.439243388,,,,,,,,,,,,,,,,,,,,,,,
50,0.022953714,1.1,210,243.75684,0.437827026,,,,,,,,,,,,,,,,,,,,,,,
50,0.022953714,1.1,240,316.84077,0.435715411,,,,,,,,,,,,,,,,,,,,,,,
50,0.022953714,1.1,270,399.03235,0.433575688,,,,,,,,,,,,,,,,,,,,,,,
50,0.022953714,1.1,300,490.83931,0.431997439,,,,,,,,,,,,,,,,,,,,,,,
50,0.022953714,1.2,30,5.6320281,0.454378828,,,,,,,,,,,,,,,,,,,,,,,
50,0.022953714,1.2,60,22.053568,0.444807546,,,,,,,,,,,,,,,,,,,,,,,
50,0.022953714,1.2,90,49.747401,0.445944858,,,,,,,,,,,,,,,,,,,,,,,
50,0.022953714,1.2,120,87.711807,0.442273939,,,,,,,,,,,,,,,,,,,,,,,
50,0.022953714,1.2,150,136.25396,0.439706007,,,,,,,,,,,,,,,,,,,,,,,
50,0.022953714,1.2,180,195.73655,0.438654615,,,,,,,,,,,,,,,,,,,,,,,
50,0.022953714,1.2,210,265.18274,0.436618816,,,,,,,,,,,,,,,,,,,,,,,
50,0.022953714,1.2,240,344.56659,0.43435664,,,,,,,,,,,,,,,,,,,,,,,
50,0.022953714,1.2,270,434.12341,0.432395794,,,,,,,,,,,,,,,,,,,,,,,
50,0.022953714,1.2,300,534.85881,0.431511553,,,,,,,,,,,,,,,,,,,,,,,
40,0.022397544,0.6,30,2.8559119,0.472259435,,,,,,,,,,,,,,,,,,,,,,,
40,0.022397544,0.6,60,10.931149,0.451899291,,,,,,,,,,,,,,,,,,,,,,,
40,0.022397544,0.6,90,23.783186,0.436981811,,,,,,,,,,,,,,,,,,,,,,,
40,0.022397544,0.6,120,41.445262,0.428342083,,,,,,,,,,,,,,,,,,,,,,,
40,0.022397544,0.6,150,63.831228,0.422210499,,,,,,,,,,,,,,,,,,,,,,,
40,0.022397544,0.6,180,91.291824,0.419338967,,,,,,,,,,,,,,,,,,,,,,,
40,0.022397544,0.6,210,123.7634,0.417668756,,,,,,,,,,,,,,,,,,,,,,,
40,0.022397544,0.6,240,160.61837,0.415002849,,,,,,,,,,,,,,,,,,,,,,,
40,0.022397544,0.6,270,202.39755,0.413195963,,,,,,,,,,,,,,,,,,,,,,,
40,0.022397544,0.6,300,249.15128,0.412001655,,,,,,,,,,,,,,,,,,,,,,,
40,0.022397544,0.7,30,3.2917535,0.466569509,,,,,,,,,,,,,,,,,,,,,,,
40,0.022397544,0.7,60,12.643893,0.448032861,,,,,,,,,,,,,,,,,,,,,,,
40,0.022397544,0.7,90,27.49845,0.433066663,,,,,,,,,,,,,,,,,,,,,,,
40,0.022397544,0.7,120,47.961417,0.424874896,,,,,,,,,,,,,,,,,,,,,,,
40,0.022397544,0.7,150,73.986749,0.419472007,,,,,,,,,,,,,,,,,,,,,,,
40,0.022397544,0.7,180,105.89238,0.416918586,,,,,,,,,,,,,,,,,,,,,,,
40,0.022397544,0.7,210,143.80923,0.415986971,,,,,,,,,,,,,,,,,,,,,,,
40,0.022397544,0.7,240,186.50691,0.413051307,,,,,,,,,,,,,,,,,,,,,,,
40,0.022397544,0.7,270,235.16336,0.411503644,,,,,,,,,,,,,,,,,,,,,,,
40,0.022397544,0.7,300,289.2389,0.409964026,,,,,,,,,,,,,,,,,,,,,,,
40,0.022397544,0.8,30,3.7201825,0.461382743,,,,,,,,,,,,,,,,,,,,,,,
40,0.022397544,0.8,60,14.350403,0.44493975,,,,,,,,,,,,,,,,,,,,,,,
40,0.022397544,0.8,90,31.158449,0.42936874,,,,,,,,,,,,,,,,,,,,,,,
40,0.022397544,0.8,120,54.437514,0.421964002,,,,,,,,,,,,,,,,,,,,,,,
40,0.022397544,0.8,150,84.221214,0.417809768,,,,,,,,,,,,,,,,,,,,,,,
40,0.022397544,0.8,180,120.72234,0.415893607,,,,,,,,,,,,,,,,,,,,,,,
40,0.022397544,0.8,210,163.54445,0.413939462,,,,,,,,,,,,,,,,,,,,,,,
40,0.022397544,0.8,240,212.22214,0.411251804,,,,,,,,,,,,,,,,,,,,,,,
40,0.022397544,0.8,270,267.53739,0.409634539,,,,,,,,,,,,,,,,,,,,,,,
40,0.022397544,0.8,300,329.38739,0.408511296,,,,,,,,,,,,,,,,,,,,,,,
40,0.022397544,0.9,30,4.1514847,0.457665336,,,,,,,,,,,,,,,,,,,,,,,
40,0.022397544,0.9,60,16.067117,0.442815224,,,,,,,,,,,,,,,,,,,,,,,
40,0.022397544,0.9,90,34.815225,0.426453099,,,,,,,,,,,,,,,,,,,,,,,
40,0.022397544,0.9,120,60.944423,0.41991227,,,,,,,,,,,,,,,,,,,,,,,
40,0.022397544,0.9,150,94.341705,0.41601433,,,,,,,,,,,,,,,,,,,,,,,
40,0.022397544,0.9,180,135.41763,0.414684007,,,,,,,,,,,,,,,,,,,,,,,
40,0.022397544,0.9,210,182.87834,0.411444034,,,,,,,,,,,,,,,,,,,,,,,
40,0.022397544,0.9,240,237.88841,0.409767856,,,,,,,,,,,,,,,,,,,,,,,
40,0.022397544,0.9,270,299.96099,0.408248256,,,,,,,,,,,,,,,,,,,,,,,
40,0.022397544,0.9,300,369.03588,0.406830188,,,,,,,,,,,,,,,,,,,,,,,
40,0.022397544,1,30,4.5809016,0.454504357,,,,,,,,,,,,,,,,,,,,,,,
40,0.022397544,1,60,17.781225,0.441050962,,,,,,,,,,,,,,,,,,,,,,,
40,0.022397544,1,90,38.574678,0.425252512,,,,,,,,,,,,,,,,,,,,,,,
40,0.022397544,1,120,67.477367,0.41843233,,,,,,,,,,,,,,,,,,,,,,,
40,0.022397544,1,150,104.61287,0.415175958,,,,,,,,,,,,,,,,,,,,,,,
40,0.022397544,1,180,150.10653,0.413698716,,,,,,,,,,,,,,,,,,,,,,,
40,0.022397544,1,210,202.75271,0.410542077,,,,,,,,,,,,,,,,,,,,,,,
40,0.022397544,1,240,263.42882,0.408385581,,,,,,,,,,,,,,,,,,,,,,,
40,0.022397544,1,270,332.36616,0.407116654,,,,,,,,,,,,,,,,,,,,,,,
40,0.022397544,1,300,409.3868,0.406182233,,,,,,,,,,,,,,,,,,,,,,,
40,0.022397544,1.1,30,5.0456941,0.455108891,,,,,,,,,,,,,,,,,,,,,,,
40,0.022397544,1.1,60,19.49089,0.439507289,,,,,,,,,,,,,,,,,,,,,,,
40,0.022397544,1.1,90,42.280733,0.423735062,,,,,,,,,,,,,,,,,,,,,,,
40,0.022397544,1.1,120,74.012916,0.417236156,,,,,,,,,,,,,,,,,,,,,,,
40,0.022397544,1.1,150,114.72119,0.413902488,,,,,,,,,,,,,,,,,,,,,,,
40,0.022397544,1.1,180,164.50865,0.412174045,,,,,,,,,,,,,,,,,,,,,,,
40,0.022397544,1.1,210,222.31005,0.409220535,,,,,,,,,,,,,,,,,,,,,,,
40,0.022397544,1.1,240,288.93004,0.407199397,,,,,,,,,,,,,,,,,,,,,,,
40,0.022397544,1.1,270,364.87657,0.406307988,,,,,,,,,,,,,,,,,,,,,,,
40,0.022397544,1.1,300,449.25949,0.405220737,,,,,,,,,,,,,,,,,,,,,,,
40,0.022397544,1.2,30,5.4820446,0.453261056,,,,,,,,,,,,,,,,,,,,,,,
40,0.022397544,1.2,60,21.212184,0.438461269,,,,,,,,,,,,,,,,,,,,,,,
40,0.022397544,1.2,90,46.108131,0.423585271,,,,,,,,,,,,,,,,,,,,,,,
40,0.022397544,1.2,120,80.506639,0.416023205,,,,,,,,,,,,,,,,,,,,,,,
40,0.022397544,1.2,150,124.86456,0.412957183,,,,,,,,,,,,,,,,,,,,,,,
40,0.022397544,1.2,180,179.11385,0.411369899,,,,,,,,,,,,,,,,,,,,,,,
40,0.022397544,1.2,210,241.85716,0.408101988,,,,,,,,,,,,,,,,,,,,,,,
40,0.022397544,1.2,240,314.44304,0.406226129,,,,,,,,,,,,,,,,,,,,,,,
40,0.022397544,1.2,270,397.25798,0.405502422,,,,,,,,,,,,,,,,,,,,,,,
40,0.022397544,1.2,300,489.24992,0.404516839,,,,,,,,,,,,,,,,,,,,,,,
30,0.021717664,0.6,30,2.4739208,0.42189941,,,,,,,,,,,,,,,,,,,,,,,
30,0.021717664,0.6,60,9.442179,0.402564398,,,,,,,,,,,,,,,,,,,,,,,
30,0.021717664,0.6,90,20.864548,0.39535715,,,,,,,,,,,,,,,,,,,,,,,
30,0.021717664,0.6,120,36.204164,0.38588835,,,,,,,,,,,,,,,,,,,,,,,
30,0.021717664,0.6,150,56.791566,0.387406552,,,,,,,,,,,,,,,,,,,,,,,
30,0.021717664,0.6,180,81.554692,0.386339913,,,,,,,,,,,,,,,,,,,,,,,
30,0.021717664,0.6,210,110.36855,0.384124832,,,,,,,,,,,,,,,,,,,,,,,
30,0.021717664,0.6,240,142.25512,0.379062706,,,,,,,,,,,,,,,,,,,,,,,
30,0.021717664,0.6,270,180.61888,0.380278045,,,,,,,,,,,,,,,,,,,,,,,
30,0.021717664,0.6,300,220.73447,0.37643785,,,,,,,,,,,,,,,,,,,,,,,
30,0.021717664,0.7,30,2.844525,0.415801538,,,,,,,,,,,,,,,,,,,,,,,
30,0.021717664,0.7,60,10.950021,0.40015781,,,,,,,,,,,,,,,,,,,,,,,
30,0.021717664,0.7,90,24.217797,0.393340315,,,,,,,,,,,,,,,,,,,,,,,
30,0.021717664,0.7,120,42.031679,0.384001652,,,,,,,,,,,,,,,,,,,,,,,
30,0.021717664,0.7,150,65.880215,0.385204485,,,,,,,,,,,,,,,,,,,,,,,
30,0.021717664,0.7,180,94.574156,0.384013339,,,,,,,,,,,,,,,,,,,,,,,
30,0.021717664,0.7,210,126.94853,0.378711011,,,,,,,,,,,,,,,,,,,,,,,
30,0.021717664,0.7,240,165.23751,0.377402701,,,,,,,,,,,,,,,,,,,,,,,
30,0.021717664,0.7,270,208.31549,0.375935105,,,,,,,,,,,,,,,,,,,,,,,
30,0.021717664,0.7,300,257.97576,0.377098875,,,,,,,,,,,,,,,,,,,,,,,
30,0.021717664,0.8,30,3.2281003,0.412887191,,,,,,,,,,,,,,,,,,,,,,,
30,0.021717664,0.8,60,12.411654,0.396875289,,,,,,,,,,,,,,,,,,,,,,,
30,0.021717664,0.8,90,27.559025,0.391656852,,,,,,,,,,,,,,,,,,,,,,,
30,0.021717664,0.8,120,47.781758,0.381967605,,,,,,,,,,,,,,,,,,,,,,,
30,0.021717664,0.8,150,74.927434,0.383340973,,,,,,,,,,,,,,,,,,,,,,,
30,0.021717664,0.8,180,107.49096,0.381903669,,,,,,,,,,,,,,,,,,,,,,,
30,0.021717664,0.8,210,144.58536,0.377409328,,,,,,,,,,,,,,,,,,,,,,,
30,0.021717664,0.8,240,188.00023,0.375718687,,,,,,,,,,,,,,,,,,,,,,,
30,0.021717664,0.8,270,238.60664,0.376774841,,,,,,,,,,,,,,,,,,,,,,,
30,0.021717664,0.8,300,294.65595,0.376876974,,,,,,,,,,,,,,,,,,,,,,,
30,0.021717664,0.9,30,3.6174361,0.411275402,,,,,,,,,,,,,,,,,,,,,,,
30,0.021717664,0.9,60,13.889271,0.394776532,,,,,,,,,,,,,,,,,,,,,,,
30,0.021717664,0.9,90,30.915554,0.390540781,,,,,,,,,,,,,,,,,,,,,,,
30,0.021717664,0.9,120,53.527171,0.380352412,,,,,,,,,,,,,,,,,,,,,,,
30,0.021717664,0.9,150,83.948499,0.381772633,,,,,,,,,,,,,,,,,,,,,,,
30,0.021717664,0.9,180,120.42841,0.380328017,,,,,,,,,,,,,,,,,,,,,,,
30,0.021717664,0.9,210,162.00964,0.375903738,,,,,,,,,,,,,,,,,,,,,,,
30,0.021717664,0.9,240,210.7322,0.374354273,,,,,,,,,,,,,,,,,,,,,,,
30,0.021717664,0.9,270,267.56935,0.375563356,,,,,,,,,,,,,,,,,,,,,,,
30,0.021717664,0.9,300,330.44943,0.375696262,,,,,,,,,,,,,,,,,,,,,,,
30,0.021717664,1,30,3.9756876,0.406805324,,,,,,,,,,,,,,,,,,,,,,,
30,0.021717664,1,60,15.360718,0.392939693,,,,,,,,,,,,,,,,,,,,,,,
30,0.021717664,1,90,34.225855,0.389122347,,,,,,,,,,,,,,,,,,,,,,,
30,0.021717664,1,120,59.609832,0.381217028,,,,,,,,,,,,,,,,,,,,,,,
30,0.021717664,1,150,93.067676,0.380919528,,,,,,,,,,,,,,,,,,,,,,,
30,0.021717664,1,180,133.29534,0.378867055,,,,,,,,,,,,,,,,,,,,,,,
30,0.021717664,1,210,179.42329,0.374677067,,,,,,,,,,,,,,,,,,,,,,,
30,0.021717664,1,240,233.44157,0.373226608,,,,,,,,,,,,,,,,,,,,,,,
30,0.021717664,1,270,297.40378,0.375695369,,,,,,,,,,,,,,,,,,,,,,,
30,0.021717664,1,300,365.1237,0.37360648,,,,,,,,,,,,,,,,,,,,,,,
30,0.021717664,1.1,30,4.3702756,0.40652805,,,,,,,,,,,,,,,,,,,,,,,
30,0.021717664,1.1,60,16.844415,0.391721702,,,,,,,,,,,,,,,,,,,,,,,
30,0.021717664,1.1,90,37.527723,0.38787465,,,,,,,,,,,,,,,,,,,,,,,
30,0.021717664,1.1,120,65.361739,0.380001497,,,,,,,,,,,,,,,,,,,,,,,
30,0.021717664,1.1,150,102.10492,0.379916672,,,,,,,,,,,,,,,,,,,,,,,
30,0.021717664,1.1,180,146.19656,0.377760326,,,,,,,,,,,,,,,,,,,,,,,
30,0.021717664,1.1,210,196.80992,0.373622134,,,,,,,,,,,,,,,,,,,,,,,
30,0.021717664,1.1,240,256.92642,0.373431099,,,,,,,,,,,,,,,,,,,,,,,
30,0.021717664,1.1,270,326.40342,0.374844699,,,,,,,,,,,,,,,,,,,,,,,
30,0.021717664,1.1,300,400.98568,0.37300148,,,,,,,,,,,,,,,,,,,,,,,
30,0.021717664,1.2,30,4.7469431,0.404768919,,,,,,,,,,,,,,,,,,,,,,,
30,0.021717664,1.2,60,18.330301,0.390753373,,,,,,,,,,,,,,,,,,,,,,,
30,0.021717664,1.2,90,40.823252,0.386774843,,,,,,,,,,,,,,,,,,,,,,,
30,0.021717664,1.2,120,71.175513,0.379318264,,,,,,,,,,,,,,,,,,,,,,,
30,0.021717664,1.2,150,111.0808,0.37887166,,,,,,,,,,,,,,,,,,,,,,,
30,0.021717664,1.2,180,158.05094,0.374358512,,,,,,,,,,,,,,,,,,,,,,,
30,0.021717664,1.2,210,214.18472,0.372722436,,,,,,,,,,,,,,,,,,,,,,,
30,0.021717664,1.2,240,280.66485,0.373939362,,,,,,,,,,,,,,,,,,,,,,,
30,0.021717664,1.2,270,354.4151,0.373095773,,,,,,,,,,,,,,,,,,,,,,,
30,0.021717664,1.2,300,436.75826,0.372421082,,,,,,,,,,,,,,,,,,,,,,,
20,0.020900944,0.6,30,2.3046221,0.408385258,,,,,,,,,,,,,,,,,,,,,,,
20,0.020900944,0.6,60,8.7851051,0.389186085,,,,,,,,,,,,,,,,,,,,,,,
20,0.020900944,0.6,90,19.241675,0.378852973,,,,,,,,,,,,,,,,,,,,,,,
20,0.020900944,0.6,120,33.753297,0.37382346,,,,,,,,,,,,,,,,,,,,,,,
20,0.020900944,0.6,150,52.302103,0.370722954,,,,,,,,,,,,,,,,,,,,,,,
20,0.020900944,0.6,180,74.833389,0.368352182,,,,,,,,,,,,,,,,,,,,,,,
20,0.020900944,0.6,210,101.195,0.365959739,,,,,,,,,,,,,,,,,,,,,,,
20,0.020900944,0.6,240,131.16102,0.363157607,,,,,,,,,,,,,,,,,,,,,,,
20,0.020900944,0.6,270,165.28701,0.361596351,,,,,,,,,,,,,,,,,,,,,,,
20,0.020900944,0.6,300,203.39784,0.360426464,,,,,,,,,,,,,,,,,,,,,,,
20,0.020900944,0.7,30,2.6569711,0.403562102,,,,,,,,,,,,,,,,,,,,,,,
20,0.020900944,0.7,60,10.145935,0.385261516,,,,,,,,,,,,,,,,,,,,,,,
20,0.020900944,0.7,90,22.286189,0.376111701,,,,,,,,,,,,,,,,,,,,,,,
20,0.020900944,0.7,120,39.158758,0.371734159,,,,,,,,,,,,,,,,,,,,,,,
20,0.020900944,0.7,150,60.613387,0.368257914,,,,,,,,,,,,,,,,,,,,,,,
20,0.020900944,0.7,180,86.834323,0.366363725,,,,,,,,,,,,,,,,,,,,,,,
20,0.020900944,0.7,210,117.1254,0.363060124,,,,,,,,,,,,,,,,,,,,,,,
20,0.020900944,0.7,240,152.1372,0.361059677,,,,,,,,,,,,,,,,,,,,,,,
20,0.020900944,0.7,270,191.86258,0.359773197,,,,,,,,,,,,,,,,,,,,,,,
20,0.020900944,0.7,300,235.59208,0.357836165,,,,,,,,,,,,,,,,,,,,,,,
20,0.020900944,0.8,30,3.0064896,0.399568555,,,,,,,,,,,,,,,,,,,,,,,
20,0.020900944,0.8,60,11.474132,0.381233844,,,,,,,,,,,,,,,,,,,,,,,
20,0.020900944,0.8,90,25.35337,0.374390468,,,,,,,,,,,,,,,,,,,,,,,
20,0.020900944,0.8,120,44.464949,0.36934261,,,,,,,,,,,,,,,,,,,,,,,
20,0.020900944,0.8,150,68.881325,0.366178703,,,,,,,,,,,,,,,,,,,,,,,
20,0.020900944,0.8,180,98.462698,0.363496998,,,,,,,,,,,,,,,,,,,,,,,
20,0.020900944,0.8,210,133.38362,0.361774555,,,,,,,,,,,,,,,,,,,,,,,
20,0.020900944,0.8,240,172.89594,0.359034695,,,,,,,,,,,,,,,,,,,,,,,
20,0.020900944,0.8,270,238.52192,0.391358594,,,,,,,,,,,,,,,,,,,,,,,
20,0.020900944,0.8,300,295.86833,0.393215001,,,,,,,,,,,,,,,,,,,,,,,
20,0.020900944,0.9,30,3.7284211,0.440457523,,,,,,,,,,,,,,,,,,,,,,,
20,0.020900944,0.9,60,14.263829,0.421264835,,,,,,,,,,,,,,,,,,,,,,,
20,0.020900944,0.9,90,31.458839,0.412932682,,,,,,,,,,,,,,,,,,,,,,,
20,0.020900944,0.9,120,55.335251,0.408564828,,,,,,,,,,,,,,,,,,,,,,,
20,0.020900944,0.9,150,85.917896,0.405996883,,,,,,,,,,,,,,,,,,,,,,,
20,0.020900944,0.9,180,122.58623,0.402270572,,,,,,,,,,,,,,,,,,,,,,,
20,0.020900944,0.9,210,165.58949,0.399223193,,,,,,,,,,,,,,,,,,,,,,,
20,0.020900944,0.9,240,214.42786,0.395804122,,,,,,,,,,,,,,,,,,,,,,,
20,0.020900944,0.9,270,269.58344,0.393176242,,,,,,,,,,,,,,,,,,,,,,,
20,0.020900944,0.9,300,331.63576,0.391778347,,,,,,,,,,,,,,,,,,,,,,,
20,0.020900944,1,30,4.1152897,0.437544267,,,,,,,,,,,,,,,,,,,,,,,
20,0.020900944,1,60,15.759706,0.418899368,,,,,,,,,,,,,,,,,,,,,,,
20,0.020900944,1,90,34.790838,0.411002028,,,,,,,,,,,,,,,,,,,,,,,
20,0.020900944,1,120,61.244086,0.406973152,,,,,,,,,,,,,,,,,,,,,,,
20,0.020900944,1,150,95.013219,0.404078374,,,,,,,,,,,,,,,,,,,,,,,
20,0.020900944,1,180,135.6518,0.400631086,,,,,,,,,,,,,,,,,,,,,,,
20,0.020900944,1,210,183.08827,0.397270233,,,,,,,,,,,,,,,,,,,,,,,
20,0.020900944,1,240,237.18117,0.394023222,,,,,,,,,,,,,,,,,,,,,,,
20,0.020900944,1,270,298.75431,0.392148669,,,,,,,,,,,,,,,,,,,,,,,
20,0.020900944,1,300,367.39931,0.390624898,,,,,,,,,,,,,,,,,,,,,,,
20,0.020900944,1.1,30,4.5004037,0.434991101,,,,,,,,,,,,,,,,,,,,,,,
20,0.020900944,1.1,60,17.257627,0.417013377,,,,,,,,,,,,,,,,,,,,,,,
20,0.020900944,1.1,90,38.096804,0.409142819,,,,,,,,,,,,,,,,,,,,,,,
20,0.020900944,1.1,120,67.081909,0.405241888,,,,,,,,,,,,,,,,,,,,,,,
20,0.020900944,1.1,150,104.10341,0.402488843,,,,,,,,,,,,,,,,,,,,,,,
20,0.020900944,1.1,180,148.54925,0.398838305,,,,,,,,,,,,,,,,,,,,,,,
20,0.020900944,1.1,210,200.64608,0.395788799,,,,,,,,,,,,,,,,,,,,,,,
20,0.020900944,1.1,240,260.22696,0.39300784,,,,,,,,,,,,,,,,,,,,,,,
20,0.020900944,1.1,270,327.81378,0.391174995,,,,,,,,,,,,,,,,,,,,,,,
20,0.020900944,1.1,300,403.26235,0.38977733,,,,,,,,,,,,,,,,,,,,,,,
20,0.020900944,1.2,30,4.8808317,0.432448277,,,,,,,,,,,,,,,,,,,,,,,
20,0.020900944,1.2,60,18.757945,0.415494812,,,,,,,,,,,,,,,,,,,,,,,
20,0.020900944,1.2,90,41.409476,0.407659497,,,,,,,,,,,,,,,,,,,,,,,
20,0.020900944,1.2,120,72.925429,0.403830716,,,,,,,,,,,,,,,,,,,,,,,
20,0.020900944,1.2,150,113.14693,0.400998829,,,,,,,,,,,,,,,,,,,,,,,
20,0.020900944,1.2,180,161.46183,0.397381558,,,,,,,,,,,,,,,,,,,,,,,
20,0.020900944,1.2,210,218.12959,0.394419921,,,,,,,,,,,,,,,,,,,,,,,
20,0.020900944,1.2,240,283.15228,0.39199491,,,,,,,,,,,,,,,,,,,,,,,
20,0.020900944,1.2,270,356.85776,0.390346657,,,,,,,,,,,,,,,,,,,,,,,
20,0.020900944,1.2,300,439.10415,0.389052204,,,,,,,,,,,,,,,,,,,,,,,
10,0.019933511,0.6,30,2.4203416,0.449706434,,,,,,,,,,,,,,,,,,,,,,,
10,0.019933511,0.6,60,9.1890321,0.426837152,,,,,,,,,,,,,,,,,,,,,,,
10,0.019933511,0.6,90,20.175929,0.416527296,,,,,,,,,,,,,,,,,,,,,,,
10,0.019933511,0.6,120,35.265121,0.40952256,,,,,,,,,,,,,,,,,,,,,,,
10,0.019933511,0.6,150,54.410881,0.40438793,,,,,,,,,,,,,,,,,,,,,,,
10,0.019933511,0.6,180,77.573433,0.400371308,,,,,,,,,,,,,,,,,,,,,,,
10,0.019933511,0.6,210,104.37979,0.395797252,,,,,,,,,,,,,,,,,,,,,,,
10,0.019933511,0.6,240,135.29694,0.392790012,,,,,,,,,,,,,,,,,,,,,,,
10,0.019933511,0.6,270,170.07985,0.390139822,,,,,,,,,,,,,,,,,,,,,,,
10,0.019933511,0.6,300,208.79187,0.387941303,,,,,,,,,,,,,,,,,,,,,,,
10,0.019933511,0.7,30,2.790858,0.444470955,,,,,,,,,,,,,,,,,,,,,,,
10,0.019933511,0.7,60,10.62923,0.423201754,,,,,,,,,,,,,,,,,,,,,,,
10,0.019933511,0.7,90,23.311078,0.412501464,,,,,,,,,,,,,,,,,,,,,,,
10,0.019933511,0.7,120,40.760535,0.40571918,,,,,,,,,,,,,,,,,,,,,,,
10,0.019933511,0.7,150,62.908087,0.400748694,,,,,,,,,,,,,,,,,,,,,,,
10,0.019933511,0.7,180,89.463487,0.395775555,,,,,,,,,,,,,,,,,,,,,,,
10,0.019933511,0.7,210,120.79182,0.392597103,,,,,,,,,,,,,,,,,,,,,,,
10,0.019933511,0.7,240,156.67441,0.389873521,,,,,,,,,,,,,,,,,,,,,,,
10,0.019933511,0.7,270,197.05921,0.387451516,,,,,,,,,,,,,,,,,,,,,,,
10,0.019933511,0.7,300,242.31564,0.385910942,,,,,,,,,,,,,,,,,,,,,,,
10,0.019933511,0.8,30,3.158486,0.440141841,,,,,,,,,,,,,,,,,,,,,,,
10,0.019933511,0.8,60,12.046134,0.419663693,,,,,,,,,,,,,,,,,,,,,,,
10,0.019933511,0.8,90,26.455091,0.409619336,,,,,,,,,,,,,,,,,,,,,,,
10,0.019933511,0.8,120,46.313676,0.403369419,,,,,,,,,,,,,,,,,,,,,,,
10,0.019933511,0.8,150,71.370919,0.397827664,,,,,,,,,,,,,,,,,,,,,,,
10,0.019933511,0.8,180,101.62612,0.393383865,,,,,,,,,,,,,,,,,,,,,,,
10,0.019933511,0.8,210,137.0926,0.389880606,,,,,,,,,,,,,,,,,,,,,,,
10,0.019933511,0.8,240,177.96488,0.38749672,,,,,,,,,,,,,,,,,,,,,,,
10,0.019933511,0.8,270,224.00985,0.385385877,,,,,,,,,,,,,,,,,,,,,,,
10,0.019933511,0.8,300,275.30756,0.383647026,,,,,,,,,,,,,,,,,,,,,,,
10,0.019933511,0.9,30,3.5221693,0.436286127,,,,,,,,,,,,,,,,,,,,,,,
10,0.019933511,0.9,60,13.451606,0.41655785,,,,,,,,,,,,,,,,,,,,,,,
10,0.019933511,0.9,90,29.547567,0.406668368,,,,,,,,,,,,,,,,,,,,,,,
10,0.019933511,0.9,120,51.800796,0.401030707,,,,,,,,,,,,,,,,,,,,,,,
10,0.019933511,0.9,150,79.87339,0.395752152,,,,,,,,,,,,,,,,,,,,,,,
10,0.019933511,0.9,180,113.77871,0.391489106,,,,,,,,,,,,,,,,,,,,,,,
10,0.019933511,0.9,210,153.62378,0.388350209,,,,,,,,,,,,,,,,,,,,,,,
10,0.019933511,0.9,240,199.41802,0.385962937,,,,,,,,,,,,,,,,,,,,,,,
10,0.019933511,0.9,270,251.14145,0.384056001,,,,,,,,,,,,,,,,,,,,,,,
10,0.019933511,0.9,300,279.96107,0.346783816,,,,,,,,,,,,,,,,,,,,,,,
10,0.019933511,1,30,3.4832149,0.388314811,,,,,,,,,,,,,,,,,,,,,,,
10,0.019933511,1,60,13.365102,0.372491162,,,,,,,,,,,,,,,,,,,,,,,
10,0.019933511,1,90,29.447906,0.364767045,,,,,,,,,,,,,,,,,,,,,,,
10,0.019933511,1,120,51.573472,0.359343731,,,,,,,,,,,,,,,,,,,,,,,
10,0.019933511,1,150,79.725687,0.355518289,,,,,,,,,,,,,,,,,,,,,,,
10,0.019933511,1,180,113.81353,0.352448023,,,,,,,,,,,,,,,,,,,,,,,
10,0.019933511,1,210,153.91114,0.350168972,,,,,,,,,,,,,,,,,,,,,,,
10,0.019933511,1,240,199.96892,0.348326257,,,,,,,,,,,,,,,,,,,,,,,
10,0.019933511,1,270,251.98576,0.346812439,,,,,,,,,,,,,,,,,,,,,,,
10,0.019933511,1,300,310.03049,0.345627343,,,,,,,,,,,,,,,,,,,,,,,
10,0.019933511,1.1,30,3.8087565,0.386006137,,,,,,,,,,,,,,,,,,,,,,,
10,0.019933511,1.1,60,14.629421,0.370662071,,,,,,,,,,,,,,,,,,,,,,,
10,0.019933511,1.1,90,32.227301,0.362904561,,,,,,,,,,,,,,,,,,,,,,,
10,0.019933511,1.1,120,56.4659,0.357665683,,,,,,,,,,,,,,,,,,,,,,,
10,0.019933511,1.1,150,87.307157,0.353932822,,,,,,,,,,,,,,,,,,,,,,,
10,0.019933511,1.1,180,124.66228,0.350948642,,,,,,,,,,,,,,,,,,,,,,,
10,0.019933511,1.1,210,168.66788,0.348856892,,,,,,,,,,,,,,,,,,,,,,,
10,0.019933511,1.1,240,219.20388,0.347119702,,,,,,,,,,,,,,,,,,,,,,,
10,0.019933511,1.1,270,276.32979,0.345743233,,,,,,,,,,,,,,,,,,,,,,,
10,0.019933511,1.1,300,340.12894,0.344710559,,,,,,,,,,,,,,,,,,,,,,,
10,0.019933511,1.2,30,4.1310168,0.383777404,,,,,,,,,,,,,,,,,,,,,,,
10,0.019933511,1.2,60,15.90351,0.36936474,,,,,,,,,,,,,,,,,,,,,,,
10,0.019933511,1.2,90,34.997873,0.361261417,,,,,,,,,,,,,,,,,,,,,,,
10,0.019933511,1.2,120,61.338399,0.356151595,,,,,,,,,,,,,,,,,,,,,,,
10,0.019933511,1.2,150,94.8445,0.35244762,,,,,,,,,,,,,,,,,,,,,,,
10,0.019933511,1.2,180,135.49303,0.349652706,,,,,,,,,,,,,,,,,,,,,,,
10,0.019933511,1.2,210,183.39182,0.347701305,,,,,,,,,,,,,,,,,,,,,,,
10,0.019933511,1.2,240,238.44662,0.346125532,,,,,,,,,,,,,,,,,,,,,,,
10,0.019933511,1.2,270,300.6992,0.344881337,,,,,,,,,,,,,,,,,,,,,,,
10,0.019933511,1.2,300,370.2419,0.343960052,,,,,,,,,,,,,,,,,,,,,,,
0,0.018801379,0.6,30,2.083219,0.410375533,,,,,,,,,,,,,,,,,,,,,,,
0,0.018801379,0.6,60,7.8422346,0.38621254,,,,,,,,,,,,,,,,,,,,,,,
0,0.018801379,0.6,90,17.159147,0.37557763,,,,,,,,,,,,,,,,,,,,,,,
0,0.018801379,0.6,120,29.954505,0.368798118,,,,,,,,,,,,,,,,,,,,,,,
0,0.018801379,0.6,150,46.143077,0.363590958,,,,,,,,,,,,,,,,,,,,,,,
0,0.018801379,0.6,180,65.700789,0.359513014,,,,,,,,,,,,,,,,,,,,,,,
0,0.018801379,0.6,210,88.601458,0.356197872,,,,,,,,,,,,,,,,,,,,,,,
0,0.018801379,0.6,240,114.84503,0.353491327,,,,,,,,,,,,,,,,,,,,,,,
0,0.018801379,0.6,270,144.38223,0.35113592,,,,,,,,,,,,,,,,,,,,,,,
0,0.018801379,0.6,300,177.18564,0.349039882,,,,,,,,,,,,,,,,,,,,,,,
0,0.018801379,0.7,30,2.3941767,0.404255504,,,,,,,,,,,,,,,,,,,,,,,
0,0.018801379,0.7,60,9.0410356,0.381643553,,,,,,,,,,,,,,,,,,,,,,,
0,0.018801379,0.7,90,19.799836,0.371465792,,,,,,,,,,,,,,,,,,,,,,,
0,0.018801379,0.7,120,34.603103,0.365169759,,,,,,,,,,,,,,,,,,,,,,,
0,0.018801379,0.7,150,53.320823,0.360127742,,,,,,,,,,,,,,,,,,,,,,,
0,0.018801379,0.7,180,75.941812,0.356187108,,,,,,,,,,,,,,,,,,,,,,,
0,0.018801379,0.7,210,102.4619,0.353074268,,,,,,,,,,,,,,,,,,,,,,,
0,0.018801379,0.7,240,132.80368,0.350372392,,,,,,,,,,,,,,,,,,,,,,,
0,0.018801379,0.7,270,166.99333,0.348107875,,,,,,,,,,,,,,,,,,,,,,,
0,0.018801379,0.7,300,205.02783,0.346188436,,,,,,,,,,,,,,,,,,,,,,,
0,0.018801379,0.8,30,2.7025257,0.399280065,,,,,,,,,,,,,,,,,,,,,,,
0,0.018801379,0.8,60,10.246628,0.378467659,,,,,,,,,,,,,,,,,,,,,,,
0,0.018801379,0.8,90,22.45957,0.368694554,,,,,,,,,,,,,,,,,,,,,,,
0,0.018801379,0.8,120,39.217139,0.362129346,,,,,,,,,,,,,,,,,,,,,,,
0,0.018801379,0.8,150,60.444501,0.357210802,,,,,,,,,,,,,,,,,,,,,,,
0,0.018801379,0.8,180,86.134027,0.353492372,,,,,,,,,,,,,,,,,,,,,,,
0,0.018801379,0.8,210,116.20245,0.35037007,,,,,,,,,,,,,,,,,,,,,,,
0,0.018801379,0.8,240,150.66865,0.347816931,,,,,,,,,,,,,,,,,,,,,,,
0,0.018801379,0.8,270,189.52773,0.345696942,,,,,,,,,,,,,,,,,,,,,,,
0,0.018801379,0.8,300,232.7485,0.343870315,,,,,,,,,,,,,,,,,,,,,,,
0,0.018801379,0.9,30,3.0076196,0.394982795,,,,,,,,,,,,,,,,,,,,,,,
0,0.018801379,0.9,60,11.437926,0.375528207,,,,,,,,,,,,,,,,,,,,,,,
0,0.018801379,0.9,90,25.084637,0.366033289,,,,,,,,,,,,,,,,,,,,,,,
0,0.018801379,0.9,120,43.799246,0.359502508,,,,,,,,,,,,,,,,,,,,,,,
0,0.018801379,0.9,150,67.538147,0.35478431,,,,,,,,,,,,,,,,,,,,,,,
0,0.018801379,0.9,180,96.236513,0.351069136,,,,,,,,,,,,,,,,,,,,,,,
0,0.018801379,0.9,210,129.88893,0.348121889,,,,,,,,,,,,,,,,,,,,,,,
0,0.018801379,0.9,240,168.47741,0.345714007,,,,,,,,,,,,,,,,,,,,,,,
0,0.018801379,0.9,270,212.01718,0.343748892,,,,,,,,,,,,,,,,,,,,,,,
0,0.018801379,0.9,300,260.53156,0.342149266,,,,,,,,,,,,,,,,,,,,,,,
0,0.018801379,1,30,3.3132288,0.391605885,,,,,,,,,,,,,,,,,,,,,,,
0,0.018801379,1,60,12.612143,0.372671925,,,,,,,,,,,,,,,,,,,,,,,
0,0.018801379,1,90,27.685571,0.363587344,,,,,,,,,,,,,,,,,,,,,,,
0,0.018801379,1,120,48.354961,0.357206075,,,,,,,,,,,,,,,,,,,,,,,
0,0.018801379,1,150,74.582406,0.352609625,,,,,,,,,,,,,,,,,,,,,,,
0,0.018801379,1,180,106.31047,0.349036881,,,,,,,,,,,,,,,,,,,,,,,
0,0.018801379,1,210,143.52044,0.34619075,,,,,,,,,,,,,,,,,,,,,,,
0,0.018801379,1,240,186.21398,0.343898349,,,,,,,,,,,,,,,,,,,,,,,
0,0.018801379,1,270,234.40255,0.34203858,,,,,,,,,,,,,,,,,,,,,,,
0,0.018801379,1,300,288.29115,0.340744687,,,,,,,,,,,,,,,,,,,,,,,
0,0.018801379,1.1,30,3.6193108,0.388893761,,,,,,,,,,,,,,,,,,,,,,,
0,0.018801379,1.1,60,13.784143,0.370275414,,,,,,,,,,,,,,,,,,,,,,,
0,0.018801379,1.1,90,30.273655,0.361432702,,,,,,,,,,,,,,,,,,,,,,,
0,0.018801379,1.1,120,52.89251,0.355205181,,,,,,,,,,,,,,,,,,,,,,,
0,0.018801379,1.1,150,81.597892,0.350706672,,,,,,,,,,,,,,,,,,,,,,,
0,0.018801379,1.1,180,116.34378,0.347252808,,,,,,,,,,,,,,,,,,,,,,,
0,0.018801379,1.1,210,157.12988,0.34456233,,,,,,,,,,,,,,,,,,,,,,,
0,0.018801379,1.1,240,203.97032,0.342446002,,,,,,,,,,,,,,,,,,,,,,,
0,0.018801379,1.1,270,256.92465,0.340820612,,,,,,,,,,,,,,,,,,,,,,,
0,0.018801379,1.1,300,316.07597,0.339622595,,,,,,,,,,,,,,,,,,,,,,,
0,0.018801379,1.2,30,3.9250327,0.386598189,,,,,,,,,,,,,,,,,,,,,,,
0,0.018801379,1.2,60,14.976269,0.368773901,,,,,,,,,,,,,,,,,,,,,,,
0,0.018801379,1.2,90,32.849313,0.359501178,,,,,,,,,,,,,,,,,,,,,,,
0,0.018801379,1.2,120,57.412555,0.353430014,,,,,,,,,,,,,,,,,,,,,,,
0,0.018801379,1.2,150,88.591087,0.349033054,,,,,,,,,,,,,,,,,,,,,,,
0,0.018801379,1.2,180,126.35495,0.345705505,,,,,,,,,,,,,,,,,,,,,,,
0,0.018801379,1.2,210,170.74768,0.343222118,,,,,,,,,,,,,,,,,,,,,,,
0,0.018801379,1.2,240,221.7559,0.341280713,,,,,,,,,,,,,,,,,,,,,,,
0,0.018801379,1.2,270,279.4289,0.339783932,,,,,,,,,,,,,,,,,,,,,,,
0,0.018801379,1.2,300,343.86111,0.338687834,,,,,,,,,,,,,,,,,,,,,,,